data,tag,timestamp,user_id
"","start","2024-08-15 05:40:47","9"
"{""user_input"": ""사람들이 저탄소 교통을 탔을 때 어떤 베네핏을 누릴 수 있을지 생각해본 것이 있니?"", ""category"": [{""sentence"": ""사람들이 저탄소 교통을 탔을 때 어떤 베네핏을 누릴 수 있을지 생각해본 것이 있니?"", ""categories"": ""Question"", ""type"": ""Generate Design""}], ""new_knowledge"": [""사용자에게 저탄소 교통 이용의 구체적인 혜택을 시각적으로 보여주는 것이 중요하다.""], ""new_actionPlan"": [""저탄소 교통을 이용했을 때 얻을 수 있는 구체적인 혜택을 시각적으로 표현할 방법을 디자인에 포함시켜라.""], ""new_thinking"": ""사용자에게 저탄소 교통 이용의 구체적인 혜택을 시각적으로 보여주는 것이 중요하구나."", ""evaluation"": {""sentences"": [{""sentence"": ""사람들이 저탄소 교통을 탔을 때 어떤 베네핏을 누릴 수 있을지 생각해본 것이 있니?"", ""categories"": ""Question"", ""type"": ""Generate Design"", ""knowledge"": ""Consider the benefits people can gain from using low-carbon transportation."", ""evaluation"": {""timely"": 6, ""relevance"": 7, ""high-level"": 5, ""specificity"": 0, ""justification"": 0, ""active"": 0, ""sentiment"": 1}}]}, ""response"": {""answer"": ""저탄소 교통을 타면 환경보호뿐만 아니라 장기적으로 비용 절감 효과도 누릴 수 있을 거예요. 그리고 저탄소 교통 전용 할인 혜택 같은 것도 고려해봤어요.""}}","user_feedaback","2024-08-15 05:42:16","9"
"{""user_input"": ""그렇다면 실제로 저탄소 교통을 사용할 때 얻을 수 있는 경제적인 이득에 초점이 가는 것 같아. 그런데 나는 교통편을 결정할 때 빠른 시간안에 이동하는 것, 그리고 교통편을 사용한 후 내 컨디션 같은 것들이 중요한데 이런 사람들에게는 경제적인 이득보다 더 중요한 가치를 제시해주는 것이 좋을 거 같아"", ""category"": [{""sentence"": ""그렇다면 실제로 저탄소 교통을 사용할 때 얻을 수 있는 경제적인 이득에 초점이 가는 것 같아."", ""categories"": ""Statement"", ""type"": ""Evaluation""}, {""sentence"": ""그런데 나는 교통편을 결정할 때 빠른 시간안에 이동하는 것, 그리고 교통편을 사용한 후 내 컨디션 같은 것들이 중요한데 이런 사람들에게는 경제적인 이득보다 더 중요한 가치를 제시해주는 것이 좋을 거 같아"", ""categories"": ""Statement"", ""type"": ""Recommendation""}], ""new_knowledge"": [""사용자에게 경제적인 이득을 강조하는 것이 중요하다."", ""사용자에게 경제적 이득보다 더 중요한 가치를 제시하는 것이 필요하다.""], ""new_actionPlan"": [""저탄소 교통 이용 시 경제적인 이득을 시각적으로 강조하는 기능을 추가하자."", ""저탄소 교통 이용의 경제적 이득 외에도 사용자에게 중요한 가치를 제공할 수 있는 요소를 추가하라.""], ""new_thinking"": ""경제적인 이득을 강조하면 사용자들이 더 많이 저탄소 교통을 이용할 수 있겠구나. 경제적 이득보다 더 중요한 가치를 제시하는 것이 필요하구나."", ""evaluation"": {""sentences"": [{""sentence"": ""그렇다면 실제로 저탄소 교통을 사용할 때 얻을 수 있는 경제적인 이득에 초점이 가는 것 같아."", ""categories"": ""Statement"", ""type"": ""Evaluation"", ""knowledge"": ""The focus is on the economic benefits of using low-carbon transportation."", ""evaluation"": {""specificity"": 5, ""justification"": 4, ""active"": 3, ""sentiment"": 0}}, {""sentence"": ""그런데 나는 교통편을 결정할 때 빠른 시간안에 이동하는 것, 그리고 교통편을 사용한 후 내 컨디션 같은 것들이 중요한데 이런 사람들에게는 경제적인 이득보다 더 중요한 가치를 제시해주는 것이 좋을 거 같아"", ""categories"": ""Statement"", ""type"": ""Recommendation"", ""knowledge"": ""For some people, factors like travel time and personal condition are more important than economic benefits when choosing transportation."", ""evaluation"": {""specificity"": 6, ""justification"": 5, ""active"": 4, ""sentiment"": 0}}]}, ""response"": {""answer"": ""그렇다면, 대중교통 이용 시 절감되는 탄소량 외에도 '건강 증진'이나 '정신적인 휴식' 등 사람들에게 감성적인 이득도 추가해보는 건 어떨까요? 예를 들면 걷기나 자전거 사용 시 얻는 칼로리 소모량 또는 스트레스 감소 효과를 시각화하면 좋을 것 같아요.""}}","user_feedaback","2024-08-15 05:44:31","9"
"","finish","2024-08-15 05:45:07","9"
"","start","2024-08-15 05:45:23","9"
"{""user_input"": ""각 연령별로 어떤 부적합한 컨텐츠가 걸러지는지 궁금해"", ""category"": [{""sentence"": ""각 연령별로 어떤 부적합한 컨텐츠가 걸러지는지 궁금해"", ""categories"": ""Question"", ""type"": ""Low-Level""}], ""new_knowledge"": [""Understanding the specific content that is inappropriate for each age group is crucial.""], ""new_actionPlan"": [""Research and define the types of content that are considered inappropriate for different age groups.""], ""new_thinking"": ""각 연령별로 어떤 콘텐츠가 부적합한지 명확히 이해하는 것이 중요하구나."", ""evaluation"": {""sentences"": [{""sentence"": ""각 연령별로 어떤 부적합한 컨텐츠가 걸러지는지 궁금해"", ""categories"": ""Question"", ""type"": ""Low-Level"", ""knowledge"": ""The mentor is curious about the specific types of inappropriate content filtered for each age group."", ""evaluation"": {""timely"": 5, ""relevance"": 5, ""high-level"": 1, ""specificity"": 0, ""justification"": 0, ""active"": 0, ""sentiment"": 0}}]}, ""response"": {""answer"": ""Safeview는 AI를 통해 연령별로 각기 다른 콘텐츠 필터링을 적용합니다. 예를 들어, 7세 이하의 아이들에게는 폭력적이거나 성인용 콘텐츠를 걸러내고, 12세 이하의 경우 도박이나 부적절한 언어를 포함한 콘텐츠를 차단해요.""}}","user_feedaback","2024-08-15 05:47:22","9"
"{""user_input"": ""음 나는 이 아이디어를 보니까 영화관에서 관람연령을 제한하는 것과 비슷하다고 생각이 드는데 이런 제도의 단점들로부터 예상되는 문제들을 상상해볼 수 있을 것 같아. 만약 이 아이디어를 실현했을 때 어떤 문제들이 생길 수 있을까?"", ""category"": [{""sentence"": ""음 나는 이 아이디어를 보니까 영화관에서 관람연령을 제한하는 것과 비슷하다고 생각이 드는데"", ""categories"": ""Statement"", ""type"": ""Evaluation""}, {""sentence"": ""이런 제도의 단점들로부터 예상되는 문제들을 상상해볼 수 있을 것 같아."", ""categories"": ""Statement"", ""type"": ""Evaluation""}, {""sentence"": ""만약 이 아이디어를 실현했을 때 어떤 문제들이 생길 수 있을까?"", ""categories"": ""Question"", ""type"": ""Scenario Creation""}], ""new_knowledge"": [""Comparing your design idea to existing solutions can help identify unique value propositions."", ""Anticipating potential issues with the design can help in creating a more robust solution."", ""Anticipating potential issues that may arise during implementation is crucial for a successful design.""], ""new_actionPlan"": [""Analyze existing content filtering solutions to highlight what makes your design unique and valuable."", ""Identify and list potential weaknesses or challenges in the current design to address them proactively."", ""Identify and analyze potential challenges that could occur during the implementation of the design idea.""], ""new_thinking"": ""기존 솔루션과 비교해보면 내 아이디어의 독창적인 가치를 더 잘 파악할 수 있겠어. 디자인의 잠재적인 문제를 예상하는 것이 더 견고한 솔루션을 만드는 데 도움이 될 수 있겠어. 실행 중 발생할 수 있는 문제들을 미리 예상하는 것이 중요하구나."", ""evaluation"": {""sentences"": [{""sentence"": ""음 나는 이 아이디어를 보니까 영화관에서 관람연령을 제한하는 것과 비슷하다고 생각이 드는데"", ""categories"": ""Statement"", ""type"": ""Evaluation"", ""knowledge"": ""The idea is similar to age restrictions in cinemas."", ""evaluation"": {""specificity"": 4, ""justification"": 3, ""active"": 2, ""sentiment"": 0}}, {""sentence"": ""이런 제도의 단점들로부터 예상되는 문제들을 상상해볼 수 있을 것 같아."", ""categories"": ""Statement"", ""type"": ""Evaluation"", ""knowledge"": ""Potential issues from similar systems can be anticipated."", ""evaluation"": {""specificity"": 3, ""justification"": 4, ""active"": 3, ""sentiment"": 0}}, {""sentence"": ""만약 이 아이디어를 실현했을 때 어떤 문제들이 생길 수 있을까?"", ""categories"": ""Question"", ""type"": ""Scenario Creation"", ""knowledge"": ""Consider potential problems if the idea is implemented."", ""evaluation"": {""timely"": 5, ""relevance"": 5, ""high-level"": 5, ""sentiment"": 0}}]}, ""response"": {""answer"": ""맞아요! 비슷한 방식이에요. 예상되는 문제로는 AI가 정확하게 필터링하지 못해 부적절한 콘텐츠가 노출될 수 있다는 점, 그리고 콘텐츠를 걸러내는 기준이 문화나 개인별로 차이가 있을 수 있다는 점이 있어요.""}}","user_feedaback","2024-08-15 05:48:38","9"
"{""user_input"": ""그치, 맞아. 나는 이것을 보고 부모가 아이에게 적합한 컨텐츠 유형을 선정하는 것이 약간 문제가 될 수 도 있을 거 같아. 예를 들면 부모가 아이에게 바라는 특정한 직업군(의사)이 되도록 부추기는 컨텐츠로 시청을 제한하면 아동이 스트레스를 받을 거 같아"", ""category"": [{""sentence"": ""나는 이것을 보고 부모가 아이에게 적합한 컨텐츠 유형을 선정하는 것이 약간 문제가 될 수 도 있을 거 같아."", ""categories"": ""Statement"", ""type"": ""Evaluation""}, {""sentence"": ""예를 들면 부모가 아이에게 바라는 특정한 직업군(의사)이 되도록 부추기는 컨텐츠로 시청을 제한하면 아동이 스트레스를 받을 거 같아"", ""categories"": ""Statement"", ""type"": ""Evaluation""}], ""new_knowledge"": [""User-defined settings may not always be effective."", ""Considering the emotional impact on children when restricting content is important.""], ""new_actionPlan"": [""Consider implementing additional layers of content filtering to support user-defined settings."", ""Evaluate the potential emotional and psychological effects on children when implementing content restrictions.""], ""new_thinking"": ""사용자 정의 설정이 항상 효과적이지 않을 수 있구나. 콘텐츠 제한이 아이들에게 미치는 정서적 영향을 고려해야겠어."", ""evaluation"": {""sentences"": [{""sentence"": ""나는 이것을 보고 부모가 아이에게 적합한 컨텐츠 유형을 선정하는 것이 약간 문제가 될 수 도 있을 거 같아."", ""categories"": ""Statement"", ""type"": ""Evaluation"", ""knowledge"": ""Parents selecting content types for children might be problematic."", ""evaluation"": {""specificity"": 4, ""justification"": 3, ""active"": 2, ""sentiment"": 0}}, {""sentence"": ""예를 들면 부모가 아이에게 바라는 특정한 직업군(의사)이 되도록 부추기는 컨텐츠로 시청을 제한하면 아동이 스트레스를 받을 거 같아"", ""categories"": ""Statement"", ""type"": ""Evaluation"", ""knowledge"": ""Restricting content to encourage specific careers might stress children."", ""evaluation"": {""specificity"": 5, ""justification"": 4, ""active"": 3, ""sentiment"": -1}}]}, ""response"": {""answer"": ""아, 그렇구나. 각 가정마다 선호하는 직업군을 강요하게 된다면 아이에게 스트레스가 될 수 있죠. 그런 걸 방지하려면 다양한 콘텐츠를 추천하되 부모가 정한 기준에 맞춰서 해당하는 범위 내에서의 선택의 자유를 주는 것도 방법일 것 같아요.""}}","user_feedaback","2024-08-15 05:50:04","9"
"{""user_input"": ""응 맞아 근데 아동이 흥미가 있는 컨텐츠를 노출해주는 것도 부모가 컨텐츠를 제한하는 것 만큼 중요할 거 같은데 이 두가지를 모두 충족시키기 위해 어떤 시스템적인 시도를 해볼 수 있을까?"", ""category"": [{""sentence"": ""응 맞아 근데 아동이 흥미가 있는 컨텐츠를 노출해주는 것도 부모가 컨텐츠를 제한하는 것 만큼 중요할 거 같은데"", ""categories"": ""Statement"", ""type"": ""Evaluation""}, {""sentence"": ""이 두가지를 모두 충족시키기 위해 어떤 시스템적인 시도를 해볼 수 있을까?"", ""categories"": ""Question"", ""type"": ""Generate Design""}], ""new_knowledge"": [""Balancing content restriction with providing engaging content is crucial."", ""Exploring systematic approaches can help address multiple design goals simultaneously.""], ""new_actionPlan"": [""Ensure the design includes a mechanism to recommend engaging content within the set restrictions."", ""Investigate systematic methods to balance content filtering accuracy and user-defined settings in the design.""], ""new_thinking"": ""아이들이 흥미를 느낄 수 있는 콘텐츠를 제공하는 것도 부모가 콘텐츠를 제한하는 것만큼 중요하구나. 여러 디자인 목표를 동시에 충족시키기 위해 체계적인 접근 방식을 탐구해야겠어."", ""evaluation"": {""sentences"": [{""sentence"": ""응 맞아 근데 아동이 흥미가 있는 컨텐츠를 노출해주는 것도 부모가 컨텐츠를 제한하는 것 만큼 중요할 거 같은데"", ""categories"": ""Statement"", ""type"": ""Evaluation"", ""knowledge"": ""Balancing content restriction with showing content that interests children is important."", ""evaluation"": {""specificity"": 5, ""justification"": 5, ""active"": 4, ""sentiment"": 1}}, {""sentence"": ""이 두가지를 모두 충족시키기 위해 어떤 시스템적인 시도를 해볼 수 있을까?"", ""categories"": ""Question"", ""type"": ""Generate Design"", ""knowledge"": ""Exploring system-level solutions to balance content restriction and interest."", ""evaluation"": {""timely"": 5, ""relevance"": 5, ""high-level"": 5, ""sentiment"": 1}}]}, ""response"": {""answer"": ""아동이 흥미 있는 콘텐츠를 분석해 추천하는 AI 알고리즘을 개발할 수 있어요. 예를 들어, 아이가 좋아하는 주제나 장르를 학습하고, 부모가 설정한 적절한 기준 내에서 그와 관련된 콘텐츠를 추천하는 시스템을 만들면 재미와 안전 두 마리 토끼를 모두 잡을 수 있을 거예요.""}}","user_feedaback","2024-08-15 05:51:12","9"
"{""user_input"": ""오 좋은 생각이다. 근데 AI가 부모가 설정한 필터링 기준을 잘 따른다는 것을 어떻게 확인할 수 있지?"", ""category"": [{""sentence"": ""오 좋은 생각이다."", ""categories"": ""Statement"", ""type"": ""Evaluation""}, {""sentence"": ""근데 AI가 부모가 설정한 필터링 기준을 잘 따른다는 것을 어떻게 확인할 수 있지?"", ""categories"": ""Question"", ""type"": ""Deep Reasoning""}], ""new_knowledge"": [""Positive feedback can indicate that the current design direction is on the right track."", ""Ensuring the accuracy of AI in following user-defined settings is essential.""], ""new_actionPlan"": [""Continue refining the design while considering any additional feedback to further improve the solution."", ""Develop a mechanism to verify and validate the AI's adherence to user-defined filtering criteria.""], ""new_thinking"": ""긍정적인 피드백은 현재 디자인 방향이 올바르다는 신호일 수 있어. AI가 부모가 설정한 필터링 기준을 정확히 따르는지 확인하는 것이 중요하구나."", ""evaluation"": {""sentences"": [{""sentence"": ""오 좋은 생각이다."", ""categories"": ""Statement"", ""type"": ""Evaluation"", ""knowledge"": ""The idea is considered good."", ""evaluation"": {""specificity"": 1, ""justification"": 1, ""active"": 1, ""sentiment"": 1}}, {""sentence"": ""근데 AI가 부모가 설정한 필터링 기준을 잘 따른다는 것을 어떻게 확인할 수 있지?"", ""categories"": ""Question"", ""type"": ""Deep Reasoning"", ""knowledge"": ""It is important to verify that AI follows the filtering criteria set by parents."", ""evaluation"": {""timely"": 5, ""relevance"": 5, ""high-level"": 5, ""sentiment"": 0}}]}, ""response"": {""answer"": ""AI가 부모의 필터링 기준을 잘 따르는지 확인하려면, 필터링 로그를 부모에게 제공할 수 있어야 해요. 예를 들어, 차단된 콘텐츠 목록과 이유, 그리고 추천된 콘텐츠 목록을 주기적으로 보고하여 부모가 검토할 수 있게 하면 신뢰성을 높일 수 있을 거예요.""}}","user_feedaback","2024-08-15 05:52:19","9"
"{""user_input"": ""좋다좋다 그런데 필터링 로그를 부모가 확인하게 된다면 아동 입장에서 시청하고자 했던 검색어나 컨텐츠의 종류가 부모에게 검사받는 느낌이 들 수도 있을 거 같아"", ""category"": [{""sentence"": ""그런데 필터링 로그를 부모가 확인하게 된다면 아동 입장에서 시청하고자 했던 검색어나 컨텐츠의 종류가 부모에게 검사받는 느낌이 들 수도 있을 거 같아"", ""categories"": ""Statement"", ""type"": ""Evaluation""}], ""new_knowledge"": [""Ensuring transparency in filtering processes can help build trust with users.""], ""new_actionPlan"": [""Implement a system that allows parents to review the filtering logs and understand the reasons behind content restrictions.""], ""new_thinking"": ""필터링 과정의 투명성을 보장하면 사용자와의 신뢰를 쌓을 수 있겠구나."", ""evaluation"": {""sentences"": [{""sentence"": ""그런데 필터링 로그를 부모가 확인하게 된다면 아동 입장에서 시청하고자 했던 검색어나 컨텐츠의 종류가 부모에게 검사받는 느낌이 들 수도 있을 거 같아"", ""categories"": ""Statement"", ""type"": ""Evaluation"", ""knowledge"": ""Children might feel monitored if parents review filtering logs."", ""evaluation"": {""specificity"": 6, ""justification"": 5, ""active"": 4, ""sentiment"": -1}}]}, ""response"": {""answer"": ""아, 맞아요. 아이가 선택한 콘텐츠가 부모에게 너무 많이 노출되면 자유로운 탐색이 어렵게 느껴질 수 있겠어요. 부모에게 전체 목록이 아닌, 꼭 필요한 경우에만 주요 필터링 결과를 간단히 알려주는 방식으로 개선할 수 있을 것 같아요.""}}","user_feedaback","2024-08-15 05:53:45","9"
"{""user_input"": ""꼭 필요한 경우라는 것은 어떤 식으로 설정할 수 있을까?"", ""category"": [{""sentence"": ""꼭 필요한 경우라는 것은 어떤 식으로 설정할 수 있을까?"", ""categories"": ""Question"", ""type"": ""Generate Design""}], ""new_knowledge"": [""Identifying critical scenarios for content filtering can enhance user experience.""], ""new_actionPlan"": [""Define specific scenarios where content filtering is essential and implement settings to address these cases.""], ""new_thinking"": ""어떤 상황에서 필터링이 꼭 필요한지 명확히 정의하는 것이 중요하구나."", ""evaluation"": {""sentences"": [{""sentence"": ""꼭 필요한 경우라는 것은 어떤 식으로 설정할 수 있을까?"", ""categories"": ""Question"", ""type"": ""Generate Design"", ""knowledge"": ""The mentor is asking how to define 'necessary cases' for notifying parents about filtered content."", ""evaluation"": {""timely"": 6, ""relevance"": 6, ""high-level"": 5, ""specificity"": 0, ""justification"": 0, ""active"": 0, ""sentiment"": 0}}]}, ""response"": {""answer"": ""필요한 경우는 예를 들어, 특정 기준 이상의 부적절한 콘텐츠가 일정 횟수 이상 시도될 때 알림을 주는 방식일 수 있어요. 이렇게 하면 아이가 나쁜 걸 자주 보려는지 부모에게 알려줄 수 있어요.""}}","user_feedaback","2024-08-15 05:54:20","9"
"{""user_input"": ""나는 근데 이 부적절한 컨텐츠라는 기준이 되게 모호한 거 같아 이 기준을 구체적으로 세우는 방법은?"", ""category"": [{""sentence"": ""나는 근데 이 부적절한 컨텐츠라는 기준이 되게 모호한 거 같아"", ""categories"": ""Statement"", ""type"": ""Evaluation""}, {""sentence"": ""이 기준을 구체적으로 세우는 방법은?"", ""categories"": ""Question"", ""type"": ""Generate Design""}], ""new_knowledge"": [""Defining clear and specific criteria for inappropriate content is essential."", ""Defining clear and objective criteria for content filtering is essential.""], ""new_actionPlan"": [""Refine the criteria for what constitutes inappropriate content to ensure clarity and effectiveness."", ""Develop a set of clear, objective criteria for content filtering that can be systematically applied.""], ""new_thinking"": ""부적절한 콘텐츠의 기준을 명확하게 정의하는 것이 중요하구나. 콘텐츠 필터링을 위한 명확하고 객관적인 기준을 정의하는 것이 중요하구나."", ""evaluation"": {""sentences"": [{""sentence"": ""나는 근데 이 부적절한 컨텐츠라는 기준이 되게 모호한 거 같아"", ""categories"": ""Statement"", ""type"": ""Evaluation"", ""knowledge"": ""The criteria for inappropriate content are vague."", ""evaluation"": {""specificity"": 4, ""justification"": 3, ""active"": 2, ""sentiment"": -1}}, {""sentence"": ""이 기준을 구체적으로 세우는 방법은?"", ""categories"": ""Question"", ""type"": ""Generate Design"", ""knowledge"": ""How to specifically set the criteria for inappropriate content."", ""evaluation"": {""timely"": 5, ""relevance"": 5, ""high-level"": 4, ""sentiment"": 0}}]}, ""response"": {""answer"": ""네, 부적절한 콘텐츠 기준을 구체화하는 게 중요하죠. 부적절한 콘텐츠를 연령별로 구체적인 카테고리로 나누고, 예를 들어, 폭력, 성인, 도박, 부적절한 언어 등 세부 항목으로 설정할 수 있을 것 같아요. 학계나 관련 기관의 기준을 참고해 AI 알고리즘에 반영하면 더 정확하게 필터링할 수 있겠죠.""}}","user_feedaback","2024-08-15 05:55:17","9"
"{""title"": ""Safeview - 아동 안전 콘텐츠 필터링 익스텐션"", ""problem"": ""현대 가정에서 유튜브, 넷플릭스와 같은 스트리밍 서비스를 통해 다양한 콘텐츠를 시청하는 것은 일상적이지만, 이러한 플랫폼에서 성인용 콘텐츠는 물론 아동에게 부적합할 수 있는 다양한 유해 콘텐츠에 아이들이 쉽게 노출될 수 있는 위험이 있습니다. 부모들이 콘텐츠를 완벽하게 관리하는 것이 어려우며, 아이들이 부적절한 콘텐츠에 노출될 경우 심리적, 정서적 문제를 유발할 수 있습니다."", ""idea"": ""Safeview는 부모가 설정한 기준에 따라 아동에게 적합한 콘텐츠만을 필터링하는 브라우저 익스텐션입니다. 이 익스텐션은 유튜브, 넷플릭스 등의 스트리밍 플랫폼에서 작동하며, AI 기술을 사용하여 실시간으로 콘텐츠를 분석합니다. AI는 연령별로 세분화된 부적절한 콘텐츠 기준(예를 들어 폭력, 성인 콘텐츠, 도박, 부적절한 언어 등)에 따라 콘텐츠를 필터링하고, 필터링된 콘텐츠의 로그를 부모에게 제공하여 신뢰성을 보장합니다. 또한, Safeview는 아동의 흥미와 부모의 설정을 모두 고려하여 안전하면서도 흥미로운 콘텐츠를 추천합니다. 이러한 기능은 아동의 자유로운 컨텐츠 탐색을 장려하며, 부모가 설정한 필터링 기준에 따라 부적절한 콘텐츠에 대한 접근을 효과적으로 제한합니다.""}","update_idea","2024-08-15 05:56:19","9"
"{""user_input"": ""갑자기 생각난 예시가 있는데 유튜브에서 성교육과 관련한 컨텐츠를 봤었는데 이게 유튜브 정책상 연령 제한이 걸려서 성인 인증을 하라고 한 경우가 생각났어. 근데 내가 보기에는 그 영상의 내용은 성인이나 어린이나 꼭 알아야할 내용이었고 전혀 유해한 컨텐츠가 아니었는데 컨텐츠를 검열하는 과정에서 오히려 아동에게 유익한 컨텐츠가 걸러질수도 있지 않을까? 그리고 영상뿐만 아니라 영상에 달린 댓글이 영상의 내용을 왜곡하고 부적절한 생각을 부추기고 인터넷상의 댓글 싸움을 부추기는는 경우도 있는데 아동이 이런 댓글을 보고 잘못 이해하는 경우도 생길 거 같아"", ""category"": [{""sentence"": ""갑자기 생각난 예시가 있는데 유튜브에서 성교육과 관련한 컨텐츠를 봤었는데 이게 유튜브 정책상 연령 제한이 걸려서 성인 인증을 하라고 한 경우가 생각났어."", ""categories"": ""Statement"", ""type"": ""Information""}, {""sentence"": ""근데 내가 보기에는 그 영상의 내용은 성인이나 어린이나 꼭 알아야할 내용이었고 전혀 유해한 컨텐츠가 아니었는데 컨텐츠를 검열하는 과정에서 오히려 아동에게 유익한 컨텐츠가 걸러질수도 있지 않을까?"", ""categories"": ""Question"", ""type"": ""Generate Design""}, {""sentence"": ""그리고 영상뿐만 아니라 영상에 달린 댓글이 영상의 내용을 왜곡하고 부적절한 생각을 부추기고 인터넷상의 댓글 싸움을 부추기는는 경우도 있는데 아동이 이런 댓글을 보고 잘못 이해하는 경우도 생길 거 같아"", ""categories"": ""Statement"", ""type"": ""Evaluation""}], ""new_knowledge"": [""Understanding existing policies and regulations can help in designing effective solutions."", ""Considering the potential for beneficial content to be filtered out is important."", ""Considering user-generated content and comments is important for comprehensive content filtering.""], ""new_actionPlan"": [""Research existing content policies and regulations on platforms like YouTube to ensure your design aligns with them."", ""Ensure the filtering system can distinguish between harmful and beneficial content accurately."", ""Incorporate a mechanism to filter user-generated comments and interactions to ensure a safer environment for children.""], ""new_thinking"": ""기존 정책과 규정을 이해하는 것이 효과적인 솔루션을 설계하는 데 도움이 될 수 있겠구나. 유익한 콘텐츠가 필터링될 가능성도 고려해야겠어. 사용자가 생성한 콘텐츠와 댓글도 필터링에 포함해야겠어."", ""evaluation"": {""sentences"": [{""sentence"": ""갑자기 생각난 예시가 있는데 유튜브에서 성교육과 관련한 컨텐츠를 봤었는데 이게 유튜브 정책상 연령 제한이 걸려서 성인 인증을 하라고 한 경우가 생각났어."", ""categories"": ""Statement"", ""type"": ""Information"", ""knowledge"": ""유튜브 정책상 연령 제한이 걸린 성교육 관련 콘텐츠가 있다."", ""evaluation"": {""specificity"": 5, ""justification"": 4, ""active"": 3, ""sentiment"": 0}}, {""sentence"": ""근데 내가 보기에는 그 영상의 내용은 성인이나 어린이나 꼭 알아야할 내용이었고 전혀 유해한 컨텐츠가 아니었는데 컨텐츠를 검열하는 과정에서 오히려 아동에게 유익한 컨텐츠가 걸러질수도 있지 않을까?"", ""categories"": ""Question"", ""type"": ""Generate Design"", ""knowledge"": ""유익한 콘텐츠가 검열 과정에서 걸러질 수 있다."", ""evaluation"": {""timely"": 5, ""relevance"": 5, ""high-level"": 4, ""sentiment"": 0}}, {""sentence"": ""그리고 영상뿐만 아니라 영상에 달린 댓글이 영상의 내용을 왜곡하고 부적절한 생각을 부추기고 인터넷상의 댓글 싸움을 부추기는는 경우도 있는데 아동이 이런 댓글을 보고 잘못 이해하는 경우도 생길 거 같아"", ""categories"": ""Statement"", ""type"": ""Evaluation"", ""knowledge"": ""영상에 달린 댓글이 부적절한 생각을 부추길 수 있다."", ""evaluation"": {""specificity"": 5, ""justification"": 5, ""active"": 4, ""sentiment"": -1}}]}, ""response"": {""answer"": ""아, 유튜브에서 그런 경우가 발생할 수 있겠네요. 유익한 성교육 콘텐츠도 필터링될 수 있으니, Safeview의 AI 알고리즘을 더 정교하게 만들어야 할 것 같아요. 댓글 필터링도 추가해서 부적절한 댓글을 차단하는 기능을 넣으면 더 좋을 것 같아요.""}}","user_feedaback","2024-08-15 06:00:41","9"
"{""user_input"": ""응 좋다 근데 지금의 유튜브나 영상 플랫폼에서 제공하고 있는 서비스와 어떤 차별점을 둘 수 있어?"", ""category"": [{""sentence"": ""근데 지금의 유튜브나 영상 플랫폼에서 제공하고 있는 서비스와 어떤 차별점을 둘 수 있어?"", ""categories"": ""Question"", ""type"": ""Generate Design""}], ""new_knowledge"": [""Understanding the differences between existing services and your design can help identify unique features.""], ""new_actionPlan"": [""Compare the current design idea with existing platforms to identify and highlight unique features and improvements.""], ""new_thinking"": ""현재 유튜브나 넷플릭스와 같은 플랫폼과 내 디자인의 차별점을 이해하는 것이 중요하겠어."", ""evaluation"": {""sentences"": [{""sentence"": ""근데 지금의 유튜브나 영상 플랫폼에서 제공하고 있는 서비스와 어떤 차별점을 둘 수 있어?"", ""categories"": ""Question"", ""type"": ""Generate Design"", ""knowledge"": ""The feedback asks about the unique differentiators of the proposed service compared to existing services on platforms like YouTube."", ""evaluation"": {""timely"": 6, ""relevance"": 7, ""high-level"": 5, ""specificity"": 0, ""justification"": 0, ""active"": 0, ""sentiment"": 0}}]}, ""response"": {""answer"": ""현재 유튜브나 영상 플랫폼에서 제공하는 기존 부모 통제 기능은 주로 기본적인 연령 필터링과 특정 콘텐츠 차단 정도에 그쳐요. Safeview는 AI 기술을 사용해 실시간으로 콘텐츠와 댓글까지 분석하고, 부모가 설정한 세부 기준을 기반으로 필터링하며, 필요 시 알림 기능도 제공하는 면에서 차별화돼요.""}}","user_feedaback","2024-08-15 06:01:19","9"
"{""user_input"": ""그런데 이 서비스는 결국 아동이 건강한 컨텐츠 소비를 하는 것을 목적으로 하는데 아동의 사용자 경험에 대한 고려가 부족한 것 같아. 어떤 방식으로 이것을  개선할 수 있을까?"", ""category"": [{""sentence"": ""그런데 이 서비스는 결국 아동이 건강한 컨텐츠 소비를 하는 것을 목적으로 하는데 아동의 사용자 경험에 대한 고려가 부족한 것 같아."", ""categories"": ""Statement"", ""type"": ""Evaluation""}, {""sentence"": ""어떤 방식으로 이것을 개선할 수 있을까?"", ""categories"": ""Question"", ""type"": ""Generate Design""}], ""new_knowledge"": [""Considering user experience is crucial when designing a service aimed at children."", ""Exploring alternative methods can lead to design improvements.""], ""new_actionPlan"": [""Evaluate and enhance the user experience for children to ensure the service is engaging and beneficial."", ""Investigate different approaches to enhance the current design.""], ""new_thinking"": ""아동의 사용자 경험을 충분히 고려하는 것이 중요하구나. 다른 방법을 탐구하면 디자인을 개선할 수 있겠어."", ""evaluation"": {""sentences"": [{""sentence"": ""그런데 이 서비스는 결국 아동이 건강한 컨텐츠 소비를 하는 것을 목적으로 하는데 아동의 사용자 경험에 대한 고려가 부족한 것 같아."", ""categories"": ""Statement"", ""type"": ""Evaluation"", ""knowledge"": ""The service aims for healthy content consumption by children but lacks consideration for the user experience of children."", ""evaluation"": {""specificity"": 5, ""justification"": 4, ""active"": 3, ""sentiment"": -1}}, {""sentence"": ""어떤 방식으로 이것을 개선할 수 있을까?"", ""categories"": ""Question"", ""type"": ""Generate Design"", ""knowledge"": ""The mentor is asking for ways to improve the consideration of children's user experience in the service."", ""evaluation"": {""timely"": 5, ""relevance"": 5, ""high-level"": 5, ""specificity"": 0, ""justification"": 0, ""active"": 0, ""sentiment"": 0}}]}, ""response"": {""answer"": ""아동의 사용자 경험을 개선하기 위해, 인터페이스를 친근하고 직관적으로 설계해야 해요. 재미있는 애니메이션 요소나 캐릭터를 활용하고, 콘텐츠 선택 시 간단한 튜토리얼을 제공하면 좋아요. 또한 아동에게 적합한 UI/UX 디자인 가이드라인을 따르는 것도 중요해요.""}}","user_feedaback","2024-08-15 06:02:33","9"
"{""user_input"": ""아동이 컨텐츠를 보고 심리적, 정서적으로 긍정/부정적인 경험을 했다는 것을 어떤 방식으로 확인할 수 있을까?"", ""category"": [{""sentence"": ""아동이 컨텐츠를 보고 심리적, 정서적으로 긍정/부정적인 경험을 했다는 것을 어떤 방식으로 확인할 수 있을까?"", ""categories"": ""Question"", ""type"": ""Generate Design""}], ""new_knowledge"": [""Understanding the emotional and psychological impact of content on users is crucial for effective design.""], ""new_actionPlan"": [""Develop a system to monitor and evaluate the emotional and psychological impact of content on children.""], ""new_thinking"": ""콘텐츠가 아이들에게 미치는 심리적, 정서적 영향을 어떻게 확인할 수 있을까?"", ""evaluation"": {""sentences"": [{""sentence"": ""아동이 컨텐츠를 보고 심리적, 정서적으로 긍정/부정적인 경험을 했다는 것을 어떤 방식으로 확인할 수 있을까?"", ""categories"": ""Question"", ""type"": ""Generate Design"", ""knowledge"": ""The mentor is asking how to verify the psychological and emotional impact of content on children."", ""evaluation"": {""timely"": 5, ""relevance"": 5, ""high-level"": 5, ""specificity"": 0, ""justification"": 0, ""active"": 0, ""sentiment"": 0}}]}, ""response"": {""answer"": ""아동의 심리적, 정서적 경험을 확인하기 위해 간단한 설문조사나 피드백 시스템을 도입할 수 있어요. 예를 들어, 콘텐츠를 시청한 후 간단한 이모티콘으로 만족도나 기분을 표현하게 하면 도움이 될 거예요.""}}","user_feedaback","2024-08-15 06:03:49","9"
"{""user_input"": ""오~ 이모티콘으로 사용자 피드백을 받는 것은 되게 좋은 생각이다."", ""category"": [{""sentence"": ""오~ 이모티콘으로 사용자 피드백을 받는 것은 되게 좋은 생각이다."", ""categories"": ""Statement"", ""type"": ""Evaluation""}], ""new_knowledge"": [""User feedback mechanisms can enhance user engagement and satisfaction.""], ""new_actionPlan"": [""Implement a simple feedback system using emoticons to gauge user satisfaction after content consumption.""], ""new_thinking"": ""사용자 피드백 메커니즘이 사용자 참여와 만족도를 높일 수 있구나."", ""evaluation"": {""sentences"": [{""sentence"": ""오~ 이모티콘으로 사용자 피드백을 받는 것은 되게 좋은 생각이다."", ""categories"": ""Statement"", ""type"": ""Evaluation"", ""knowledge"": ""Using emoticons for user feedback is a good idea."", ""evaluation"": {""specificity"": 5, ""justification"": 3, ""active"": 4, ""sentiment"": 1}}]}, ""response"": {""answer"": ""이모티콘 피드백 시스템이 아이들에게 직관적이고 재미있을 것 같아요! 사용자 경험을 더욱 향상시켜줄 거예요. 다른 부분이나 추가적인 아이디어도 궁금해요!""}}","user_feedaback","2024-08-15 06:04:34","9"
"{""title"": ""Safeview - 아동 안전 콘텐츠 필터링 익스텐션"", ""problem"": ""유튜브, 넷플릭스 등의 스트리밍 서비스는 다양한 콘텐츠를 제공하지만, 아동에게 부적절한 콘텐츠 노출의 위험이 존재합니다. 현재의 필터링 시스템들은 종종 너무 제한적이거나, 아동의 심리적, 정서적 발달에 적합하지 않은 콘텐츠를 필터링하는데 실패합니다. 또한, 부모와 아동 모두에게 만족스러운 사용자 경험을 제공하지 못하는 경우가 많습니다."", ""idea"": ""Safeview는 고도로 발전된 AI 기반의 브라우저 익스텐션으로, 부모와 전문가의 견해를 반영한 상세한 필터링 기준을 설정하여 아동에게 적합한 콘텐츠만을 제공합니다. 유튜브와 넷플릭스 등의 플랫폼에 적용되어, 내용과 댓글을 실시간으로 분석하고, 아동의 나이와 발달 단계에 맞는 콘텐츠를 선택적으로 필터링합니다. 이는 정서적 및 심리적으로 유익하고 안전한 콘텐츠 경험을 지원합니다. 또한, 간단한 이모티콘을 사용한 피드백 시스템을 통해 아동의 만족도와 반응을 측정할 수 있으며, 이를 통해 서비스를 지속적으로 개선합니다. 아동의 콘텐츠 소비 경험뿐만 아니라 선택과 인터랙션 과정에서의 마음의 건강도 평가할 수 있는 메커니즘이 포함되어, 보다 풍부하고 안전한 디지털 환경을 조성합니다.""}","update_idea","2024-08-15 06:05:37","9"
"","start","2024-08-15 06:05:37","9"
"{""user_input"": ""오 그리고 아동이 친구들에게 추천하고 싶은 영상을 채팅으로 공유하고 그 이유에 대해 설명하는 것처럼 피드백을 받는 방식도 좋을 거 같아"", ""category"": [{""sentence"": ""오 그리고 아동이 친구들에게 추천하고 싶은 영상을 채팅으로 공유하고 그 이유에 대해 설명하는 것처럼 피드백을 받는 방식도 좋을 거 같아"", ""categories"": ""Statement"", ""type"": ""Recommendation""}], ""new_knowledge"": [""Incorporating social sharing and feedback mechanisms can enhance user engagement.""], ""new_actionPlan"": [""Implement a feature that allows children to share recommended content with friends and provide explanations for their choices.""], ""new_thinking"": ""친구들과 콘텐츠를 공유하고 그 이유를 설명하는 기능을 추가하면 사용자 참여도가 높아질 수 있겠어."", ""evaluation"": {""sentences"": [{""sentence"": ""오 그리고 아동이 친구들에게 추천하고 싶은 영상을 채팅으로 공유하고 그 이유에 대해 설명하는 것처럼 피드백을 받는 방식도 좋을 거 같아"", ""categories"": ""Statement"", ""type"": ""Recommendation"", ""knowledge"": ""Children can share videos with friends and explain why they recommend them as a feedback method."", ""evaluation"": {""specificity"": 6, ""justification"": 5, ""active"": 6, ""sentiment"": 1}}]}, ""response"": {""answer"": ""아, 그거 좋네요! 외에도 친구들에게 공유하고 싶은 영상과 이유를 설명하는 기능 덕분에 아이들이 콘텐츠를 추천하고 커뮤니케이션하도록 도와줄 수 있을 것 같아요. 이걸 통해 사회적 상호작용에도 긍정적인 영향을 줄 수 있어요.""}}","user_feedaback","2024-08-15 06:06:36","9"
"{""title"": ""Safeview - 아동 안전 콘텐츠 필터링 익스텐션"", ""problem"": ""유튜브, 넷플릭스 등 스트리밍 플랫폼에서 아동이 부적절한 콘텐츠에 무방비로 노출될 위험이 있습니다. 부모가 완벽하게 콘텐츠를 관리하기 어려워 정서적, 심리적 문제를 일으킬 수 있습니다. 아동이 안전하게 콘텐츠를 소비할 수 있는 효과적인 필터링 도구가 필요합니다."", ""idea"": ""Safeview는 AI 기술을 활용하여 아동에게 적합한 콘텐츠만을 실시간 분석하여 제공하는 브라우저 익스텐션입니다. 이 서비스는 아동의 나이와 발달 단계에 맞춰 콘텐츠를 선택적으로 필터링하며, 부모는 자녀에게 적합한 콘텐츠만 수신되도록 세부 필터링 기준을 설정할 수 있습니다. 또한, 아동이 콘텐츠를 시청한 후 간단한 이모티콘을 사용하여 만족도와 반응을 표현하게 하는 피드백 시스템을 통해 아동의 심리적, 정서적 경험을 평가할 수 있습니다. 최근 개선된 기능으로, 아동이 친구들에게 추천하고 싶은 콘텐츠를 공유하고 그 이유를 설명할 수 있는 소셜 공유 기능을 추가하였습니다. 이 기능은 아동 간의 건강한 커뮤니케이션을 장려하고, 부모가 아동의 사회적 상호작용을 이해하는데 도움을 줍니다.""}","update_idea","2024-08-15 06:07:02","9"
"","finish","2024-08-15 06:07:13","9"
"","start","2024-08-15 06:08:47","9"
"{""user_input"": ""Supervised learningd이 뭐야?"", ""category"": [{""sentence"": ""Supervised learningd이 뭐야?"", ""categories"": ""Question"", ""type"": ""Definition""}], ""new_knowledge"": [""Understanding the basics of supervised learning is crucial for developing machine learning models.""], ""new_actionPlan"": [""Research and study the fundamentals of supervised learning to better understand how to apply it to the design idea.""], ""new_thinking"": ""Supervised learning이 뭐지? 기본 개념을 이해하는 것이 중요하겠어."", ""evaluation"": {""sentences"": [{""sentence"": ""Supervised learningd이 뭐야?"", ""categories"": ""Question"", ""type"": ""Definition"", ""knowledge"": ""Supervised learning is a type of machine learning where the model is trained on labeled data."", ""evaluation"": {""timely"": 5, ""relevance"": 5, ""high-level"": 1, ""specificity"": 0, ""justification"": 0, ""active"": 0, ""sentiment"": 0}}]}, ""response"": {""answer"": ""아, Supervised learning은 사람이 데이터를 각각 라벨링해서 그걸 바탕으로 인공지능 모델을 학습시키는 방법이에요. 예를 들어, 강아지 짖는 소리에 '밥줘' 같은 태그를 붙여서 많은 데이터를 제공하면, 모델이 그걸 학습해서 새로운 짖는 소리를 분석할 수 있어요.""}}","user_feedaback","2024-08-15 06:10:24","9"
"{""user_input"": ""음 내가 알기로는 기존에 이미 강아지, 고양이 언어 번역기가 있는 거 같은데 이 아이디어가 가지고 있는 다른 차이점이 뭐야?"", ""category"": [{""sentence"": ""음 내가 알기로는 기존에 이미 강아지, 고양이 언어 번역기가 있는 거 같은데"", ""categories"": ""Statement"", ""type"": ""Information""}, {""sentence"": ""이 아이디어가 가지고 있는 다른 차이점이 뭐야?"", ""categories"": ""Question"", ""type"": ""Comparison""}], ""new_knowledge"": [""It's important to research existing solutions to understand the current landscape and identify gaps."", ""Understanding the unique value proposition of your idea is essential for its success.""], ""new_actionPlan"": [""Conduct a thorough review of existing pet translation technologies to identify their strengths and weaknesses."", ""Identify and articulate the unique aspects of your design idea that differentiate it from existing solutions.""], ""new_thinking"": ""기존에 이미 강아지, 고양이 언어 번역기가 있는 거 같은데, 더 조사해봐야겠어. 내 아이디어가 다른 것들과 어떻게 차별화되는지 명확히 이해하는 것이 중요하구나."", ""evaluation"": {""sentences"": [{""sentence"": ""음 내가 알기로는 기존에 이미 강아지, 고양이 언어 번역기가 있는 거 같은데"", ""categories"": ""Statement"", ""type"": ""Information"", ""knowledge"": ""Existing pet language translators are already available."", ""evaluation"": {""specificity"": 4, ""justification"": 3, ""active"": 2, ""sentiment"": 0}}, {""sentence"": ""이 아이디어가 가지고 있는 다른 차이점이 뭐야?"", ""categories"": ""Question"", ""type"": ""Comparison"", ""knowledge"": ""What are the unique differences of this idea?"", ""evaluation"": {""timely"": 5, ""relevance"": 5, ""high-level"": 4, ""sentiment"": 0}}]}, ""response"": {""answer"": ""아, 기존 번역기랑 차이점은 머신러닝과 강아지 목소리 데이터를 체계적으로 수집하고 라벨링한 점이야. 그리고 목줄에 웨어러블 센서를 달아서 사용자에게 실시간 번역을 제공하는 인터렉션이 새로운 포인트지.""}}","user_feedaback","2024-08-15 06:11:27","9"
"{""user_input"": ""그렇군 그렇다면 반려인이 반려견이 아플 때 빨리 병원에 데려가거나 하는 현실적 문제를 해결할 수 있어서 좋겟다"", ""category"": [{""sentence"": ""그렇다면 반려인이 반려견이 아플 때 빨리 병원에 데려가거나 하는 현실적 문제를 해결할 수 있어서 좋겟다"", ""categories"": ""Statement"", ""type"": ""Evaluation""}], ""new_knowledge"": [""Understanding the practical problems your design can solve is crucial for its success.""], ""new_actionPlan"": [""Identify and address real-world problems that your design can effectively solve.""], ""new_thinking"": ""내 디자인이 실제로 해결할 수 있는 문제를 이해하는 것이 중요하구나."", ""evaluation"": {""sentences"": [{""sentence"": ""그렇다면 반려인이 반려견이 아플 때 빨리 병원에 데려가거나 하는 현실적 문제를 해결할 수 있어서 좋겟다"", ""categories"": ""Statement"", ""type"": ""Evaluation"", ""knowledge"": ""The idea can help pet owners address practical issues like taking their pets to the vet quickly when they are sick."", ""evaluation"": {""specificity"": 5, ""justification"": 4, ""active"": 3, ""sentiment"": 1}}]}, ""response"": {""answer"": ""맞아요! 반려인이 강아지가 아플 때나 불편할 때 즉시 알 수 있어서 반려동물의 건강 관리에 실질적인 도움이 될 거예요. 그래서 이 서비스가 더 유용할 거라고 생각해요.""}}","user_feedaback","2024-08-15 06:12:41","9"
"{""user_input"": ""그런데 반대로 이 서비스를 썼을 때 사람이 강아지의 말을 배울 수 있다는 장점도 있지 않을까? 유튜브 영상중에 사람이 고양이한테 \""맠-옹\""이라고 소리내면 고양이가 자기를 부르는지 알고 깜짝 놀라는 영상이 있었거든. 뭔가 반대로 이런 인터렉션이 보완되면 쫌 더 차별화 되지 않을까?"", ""category"": [{""sentence"": ""그런데 반대로 이 서비스를 썼을 때 사람이 강아지의 말을 배울 수 있다는 장점도 있지 않을까?"", ""categories"": ""Question"", ""type"": ""Generate Design""}, {""sentence"": ""유튜브 영상중에 사람이 고양이한테 '맠-옹'이라고 소리내면 고양이가 자기를 부르는지 알고 깜짝 놀라는 영상이 있었거든."", ""categories"": ""Statement"", ""type"": ""Information""}, {""sentence"": ""뭔가 반대로 이런 인터렉션이 보완되면 쫌 더 차별화 되지 않을까?"", ""categories"": ""Question"", ""type"": ""Generate Design""}], ""new_knowledge"": [""Considering alternative perspectives can reveal additional benefits of your design."", ""Observing real-world examples can provide valuable insights for your design."", ""Considering how interactions can be safeguarded can lead to more differentiated designs.""], ""new_actionPlan"": [""Explore how your design could also help people learn more about their pets' behaviors and needs."", ""Research and analyze real-world examples and case studies to gain insights and inspiration for your design."", ""Explore ways to ensure the interactions in your design are secure and reliable to enhance differentiation.""], ""new_thinking"": ""다른 관점을 고려하면 디자인의 추가적인 이점을 발견할 수 있겠구나? 실제 사례를 관찰하면 디자인에 유용한 통찰을 얻을 수 있겠어. 인터랙션이 보완되면 더 차별화된 디자인이 될 수 있겠지?"", ""evaluation"": {""sentences"": [{""sentence"": ""그런데 반대로 이 서비스를 썼을 때 사람이 강아지의 말을 배울 수 있다는 장점도 있지 않을까?"", ""categories"": ""Question"", ""type"": ""Generate Design"", ""knowledge"": ""The service could help humans learn dog language."", ""evaluation"": {""timely"": 6, ""relevance"": 7, ""high-level"": 5, ""specificity"": 0, ""justification"": 0, ""active"": 0, ""sentiment"": 1}}, {""sentence"": ""유튜브 영상중에 사람이 고양이한테 '맠-옹'이라고 소리내면 고양이가 자기를 부르는지 알고 깜짝 놀라는 영상이 있었거든."", ""categories"": ""Statement"", ""type"": ""Information"", ""knowledge"": ""There is a YouTube video where a person mimics a cat's sound, and the cat responds."", ""evaluation"": {""timely"": 0, ""relevance"": 0, ""high-level"": 0, ""specificity"": 5, ""justification"": 4, ""active"": 3, ""sentiment"": 1}}, {""sentence"": ""뭔가 반대로 이런 인터렉션이 보완되면 쫌 더 차별화 되지 않을까?"", ""categories"": ""Question"", ""type"": ""Generate Design"", ""knowledge"": ""Enhancing the interaction could differentiate the service."", ""evaluation"": {""timely"": 6, ""relevance"": 7, ""high-level"": 5, ""specificity"": 0, ""justification"": 0, ""active"": 0, ""sentiment"": 1}}]}, ""response"": {""answer"": ""선생님 말씀처럼 사람이 강아지의 말을 배우는 것도 재미있는 요소가 될 수 있겠네요. 예를 들어, 반려인이 강아지의 특정 소리를 배우고 따라 해서 소통하는 기능을 추가하면 유익할 것 같아요. 이로 인해 더 강한 유대감이 형성될 것 같네요.""}}","user_feedaback","2024-08-15 06:15:02","9"
"{""user_input"": ""좋다좋다 그리고 이런 번역기가 만들어지면 강아지별로 특성이 어떤지도 파악할 수 있을 거 같아. 다견 가정에서 각 강아지의 특성을 잘 알게되면 강아지에게 필요한 애정표현과 특별 관리도 할 수 있을 거 같아"", ""category"": [{""sentence"": ""그리고 이런 번역기가 만들어지면 강아지별로 특성이 어떤지도 파악할 수 있을 거 같아."", ""categories"": ""Statement"", ""type"": ""Evaluation""}, {""sentence"": ""다견 가정에서 각 강아지의 특성을 잘 알게되면 강아지에게 필요한 애정표현과 특별 관리도 할 수 있을 거 같아"", ""categories"": ""Statement"", ""type"": ""Recommendation""}], ""new_knowledge"": [""Understanding the specific characteristics of different user groups can enhance the design's effectiveness."", ""Understanding the specific characteristics of individual subjects can enhance the effectiveness of your design.""], ""new_actionPlan"": [""Investigate the unique characteristics and needs of different user groups to tailor the design more effectively."", ""Collect and analyze data on the unique characteristics of each subject to tailor the design more effectively.""], ""new_thinking"": ""다양한 사용자 그룹의 특성을 이해하면 디자인의 효과를 높일 수 있겠구나. 각 개체의 특성을 잘 알면 더 효과적인 디자인을 할 수 있겠구나."", ""evaluation"": {""sentences"": [{""sentence"": ""그리고 이런 번역기가 만들어지면 강아지별로 특성이 어떤지도 파악할 수 있을 거 같아."", ""categories"": ""Statement"", ""type"": ""Evaluation"", ""knowledge"": ""The translator can help identify individual dog characteristics."", ""evaluation"": {""specificity"": 5, ""justification"": 4, ""active"": 3, ""sentiment"": 1}}, {""sentence"": ""다견 가정에서 각 강아지의 특성을 잘 알게되면 강아지에게 필요한 애정표현과 특별 관리도 할 수 있을 거 같아"", ""categories"": ""Statement"", ""type"": ""Recommendation"", ""knowledge"": ""Understanding individual dog characteristics can aid in providing appropriate affection and special care."", ""evaluation"": {""specificity"": 5, ""justification"": 4, ""active"": 4, ""sentiment"": 1}}]}, ""response"": {""answer"": ""네, 맞아요! 반려동물 번역기를 통해 각 강아지의 개별 성격과 특성을 파악할 수 있으면, 반려인이 더 맞춤형으로 관리하고 소통할 수 있을 거예요. 예를 들어, 특정 강아지가 유독 잘 짖거나 불안해하는 상황을 알게 된다면, 그에 맞춰 더 필요한 케어를 제공할 수 있겠죠.""}}","user_feedaback","2024-08-15 06:17:13","9"
"{""question"": ""사람이 강아지 말을 배우는 쪽으로 더 강화하면 어떤 혜택을 더 얻을 수 있을까요?""}","student_question","2024-08-15 06:17:15","9"
"{""title"": ""반려동물 맞춤형 소통 서비스: 팻 토크 트랜슬레이터"", ""problem"": ""반려동물의 감정 상태와 필요사항을 주인이 알 수 없어 반려동물의 건강과 행복을 유지하는 데 어려움이 있습니다."", ""idea"": ""이 서비스는 반려동물의 목소리를 분석하여 특정 감정이나 요구사항을 실시간으로 번역하여 주인에게 알려주는 기술입니다. 첫째, 반려동물의 소리를 데이터베이스에 수집하고, 해당 데이터를 동물 행동 전문가들이 라벨링합니다. 이렇게 구축된 데이터를 바탕으로 고도화된 머신러닝 모델을 통해 감정과 요구를 효과적으로 파악하고 번역합니다. 둘째, 해당 기술은 반려동물의 웨어러블 기기에 탑재되어 평상시 착용이 가능하며, 각기 다른 반응을 실시간으로 스마트폰 앱으로 전송하여 주인이 즉시 확인할 수 있게 합니다. 셋째, 이 서비스는 반익인이 반려동물의 언어와 의사소통 방식을 배울 수 있게 돕는 학습 모듈도 제공하여 사람과 동물 사이의 소통을 극대화합니다. 이로써 반려동물의 웰빙을 증진하고 주인과의 유대감을 강화할 수 있는 방안을 제공합니다.""}","update_idea","2024-08-15 06:18:12","9"
"{""user_input"": ""사람들이 강아지의 감정에 대해 더 잘 이해하고 가족 구성원으로 여기는 것을 도와서 세상의 모든 강아지들이 더 행복해지는 미래를 상상할 수 있을 거 같아. 근데 강아지가 받는 스트레스 역시 주인이 더 잘 알게 되니까 가끔은 마음 아픈 경우가 생길수도 있을 거 같아. 강아지 밥을 주려고 출근을 해야 하는데 강아지가 너무 슬퍼하면ㅠㅠ 주인도 마음이 힘들 거 같아."", ""category"": [{""sentence"": ""사람들이 강아지의 감정에 대해 더 잘 이해하고 가족 구성원으로 여기는 것을 도와서 세상의 모든 강아지들이 더 행복해지는 미래를 상상할 수 있을 거 같아."", ""categories"": ""Statement"", ""type"": ""Evaluation""}, {""sentence"": ""근데 강아지가 받는 스트레스 역시 주인이 더 잘 알게 되니까 가끔은 마음 아픈 경우가 생길수도 있을 거 같아."", ""categories"": ""Statement"", ""type"": ""Evaluation""}, {""sentence"": ""강아지 밥을 주려고 출근을 해야 하는데 강아지가 너무 슬퍼하면ㅠㅠ 주인도 마음이 힘들 거 같아."", ""categories"": ""Statement"", ""type"": ""Evaluation""}], ""new_knowledge"": [""Understanding the emotional needs of users can lead to more empathetic and effective design solutions."", ""Understanding the emotional impact of your design on users is crucial for its success."", ""Understanding the emotional impact of your design on users is crucial for its success.""], ""new_actionPlan"": [""Incorporate features that help users better understand and respond to the emotional needs of their pets."", ""Consider the potential emotional responses of users to the design and find ways to mitigate any negative effects."", ""Consider how your design can alleviate emotional stress for users in challenging situations.""], ""new_thinking"": ""사용자의 감정적 요구를 이해하면 더 공감적이고 효과적인 디자인 솔루션을 만들 수 있겠어. 사용자가 디자인에 대해 느끼는 감정적 영향을 이해하는 것이 중요하구나. 사용자가 어려운 상황에서 느끼는 감정적 스트레스를 줄이는 것이 중요하구나."", ""evaluation"": {""sentences"": [{""sentence"": ""사람들이 강아지의 감정에 대해 더 잘 이해하고 가족 구성원으로 여기는 것을 도와서 세상의 모든 강아지들이 더 행복해지는 미래를 상상할 수 있을 거 같아."", ""categories"": ""Statement"", ""type"": ""Evaluation"", ""knowledge"": ""Understanding a dog's emotions can help people treat them as family members, leading to a happier future for all dogs."", ""evaluation"": {""specificity"": 5, ""justification"": 4, ""active"": 3, ""sentiment"": 1}}, {""sentence"": ""근데 강아지가 받는 스트레스 역시 주인이 더 잘 알게 되니까 가끔은 마음 아픈 경우가 생길수도 있을 거 같아."", ""categories"": ""Statement"", ""type"": ""Evaluation"", ""knowledge"": ""Owners will also become more aware of their dog's stress, which can sometimes be emotionally challenging."", ""evaluation"": {""specificity"": 4, ""justification"": 4, ""active"": 2, ""sentiment"": -1}}, {""sentence"": ""강아지 밥을 주려고 출근을 해야 하는데 강아지가 너무 슬퍼하면ㅠㅠ 주인도 마음이 힘들 거 같아."", ""categories"": ""Statement"", ""type"": ""Evaluation"", ""knowledge"": ""If a dog is very sad when the owner leaves for work, it can be emotionally difficult for the owner."", ""evaluation"": {""specificity"": 4, ""justification"": 3, ""active"": 2, ""sentiment"": -1}}]}, ""response"": {""answer"": ""맞아요, 반려인의 삶에 감정적으로 더 깊이 연결될 수 있어요. 하지만 슬픔이나 불안이 반려인에게도 전해질 수 있는 점은 고민이 필요할 것 같아요. 감정 케어 기능도 추가하면 어떨까요? 예를 들어, 반려동물과 주인이 함께 이용할 수 있는 놀이 기능이 있으면 감정 안정에 도움이 될 것 같아요.""}}","user_feedaback","2024-08-15 06:20:24","9"
"{""user_input"": ""오~ 좋은 생각이다 그런 부가적인 놀이, 활동 추천 기능은 서비스에 어떤 식으로 녹일 수 있을까? "", ""category"": [{""sentence"": ""오~ 좋은 생각이다"", ""categories"": ""Statement"", ""type"": ""Evaluation""}, {""sentence"": ""그런 부가적인 놀이, 활동 추천 기능은 서비스에 어떤 식으로 녹일 수 있을까?"", ""categories"": ""Question"", ""type"": ""Generate Design""}], ""new_knowledge"": [""Positive feedback can indicate that the current design direction is on the right track."", ""Considering additional interactive features can enhance user engagement.""], ""new_actionPlan"": [""Continue refining and developing the current design idea, ensuring to address any remaining gaps or potential improvements."", ""Explore and integrate playful and interactive features that can be used by both pets and owners to improve emotional well-being.""], ""new_thinking"": ""긍정적인 피드백은 현재 디자인 방향이 올바르다는 신호일 수 있어! 추가적인 인터랙티브 기능을 고려하면 사용자 참여를 높일 수 있겠어."", ""evaluation"": {""sentences"": [{""sentence"": ""오~ 좋은 생각이다"", ""categories"": ""Statement"", ""type"": ""Evaluation"", ""knowledge"": ""The mentor thinks the idea is good."", ""evaluation"": {""specificity"": 1, ""justification"": 1, ""active"": 1, ""sentiment"": 1}}, {""sentence"": ""그런 부가적인 놀이, 활동 추천 기능은 서비스에 어떤 식으로 녹일 수 있을까?"", ""categories"": ""Question"", ""type"": ""Generate Design"", ""knowledge"": ""The mentor is asking how additional play and activity recommendation features can be integrated into the service."", ""evaluation"": {""timely"": 5, ""relevance"": 5, ""high-level"": 5, ""sentiment"": 0}}]}, ""response"": {""answer"": ""감사합니다! 기본적인 번역 기능 외에 앱 안에 반려동물과 함께 하는 놀이, 활동 추천 섹션을 만들 수 있어요. 반려동물의 감정 상태를 분석해서 그에 맞는 놀이나 산책 경로를 제안하는 기능을 추가하면 좋을 것 같아요.""}}","user_feedaback","2024-08-15 06:21:45","9"
"{""question"": ""선생님, 반려동물과 함께 이용할 수 있는 감정 안정 놀이 기능을 추가할 때 어떤 요소를 고려해야 할까요?""}","student_question","2024-08-15 06:21:48","9"
"{""user_input"": ""추천되는 놀이들이 정말로 믿을만한지 전문가의 판단과 꿀팁 같은 것이 있으면 좋을 거 같아. 유명한 훈련사가 놀이를 하는 방법에 대한 유의점을 담은 영상이나 컨텐츠가 같이 첨부되면 좋지 않을까?"", ""category"": [{""sentence"": ""추천되는 놀이들이 정말로 믿을만한지 전문가의 판단과 꿀팁 같은 것이 있으면 좋을 거 같아."", ""categories"": ""Statement"", ""type"": ""Recommendation""}, {""sentence"": ""유명한 훈련사가 놀이를 하는 방법에 대한 유의점을 담은 영상이나 컨텐츠가 같이 첨부되면 좋지 않을까?"", ""categories"": ""Statement"", ""type"": ""Recommendation""}], ""new_knowledge"": [""Validating design ideas with expert opinions can enhance credibility."", ""Incorporating well-known training methods or content can enhance user engagement and acceptance.""], ""new_actionPlan"": [""Seek feedback from animal behavior experts to validate the proposed interactive features."", ""Research and integrate popular training methods or content into the design to increase user engagement.""], ""new_thinking"": ""전문가의 의견을 통해 디자인 아이디어의 신뢰성을 높일 수 있겠어. 유명한 훈련사나 콘텐츠를 포함하면 사용자 참여도가 높아질 수 있겠구나."", ""evaluation"": {""sentences"": [{""sentence"": ""추천되는 놀이들이 정말로 믿을만한지 전문가의 판단과 꿀팁 같은 것이 있으면 좋을 거 같아."", ""categories"": ""Statement"", ""type"": ""Recommendation"", ""knowledge"": ""Expert judgment and tips can enhance the credibility of recommended activities."", ""evaluation"": {""specificity"": 6, ""justification"": 5, ""active"": 5, ""sentiment"": 1}}, {""sentence"": ""유명한 훈련사가 놀이를 하는 방법에 대한 유의점을 담은 영상이나 컨텐츠가 같이 첨부되면 좋지 않을까?"", ""categories"": ""Statement"", ""type"": ""Recommendation"", ""knowledge"": ""Including videos or content from famous trainers can be beneficial."", ""evaluation"": {""specificity"": 6, ""justification"": 5, ""active"": 5, ""sentiment"": 1}}]}, ""response"": {""answer"": ""맞아요! 유명한 훈련사나 행동 전문가의 조언을 포함한 콘텐츠가 있으면 신뢰도가 높아질 거예요. 훈련사의 놀이 유의점 영상을 앱에 첨부하는 걸 고려하면 좋겠네요.""}}","user_feedaback","2024-08-15 06:23:35","9"
"{""user_input"": ""응 근데 그런 컨텐츠가 너무 길거나 현실적으로 불가능한 것들이면 주인이 또 부담을 느낄 수 있을 거 같아. 그런 꿀팁들을 주인이 부담없이 확인할 수 있는 방법에는 무엇이 있을까?"", ""category"": [{""sentence"": ""응 근데 그런 컨텐츠가 너무 길거나 현실적으로 불가능한 것들이면 주인이 또 부담을 느낄 수 있을 거 같아."", ""categories"": ""Statement"", ""type"": ""Evaluation""}, {""sentence"": ""그런 꿀팁들을 주인이 부담없이 확인할 수 있는 방법에는 무엇이 있을까?"", ""categories"": ""Question"", ""type"": ""Generate Design""}], ""new_knowledge"": [""Ensuring the feasibility and practicality of design features is crucial to avoid user frustration."", ""Ensuring that users can verify the reliability of recommendations is crucial for user trust.""], ""new_actionPlan"": [""Review the proposed features to ensure they are practical and feasible for users to implement and benefit from."", ""Incorporate features that allow users to verify the reliability of recommendations, such as expert endorsements or user reviews.""], ""new_thinking"": ""디자인 기능의 실현 가능성과 실용성을 보장하는 것이 중요하구나. 사용자가 추천의 신뢰성을 확인할 수 있는 기능이 중요하구나."", ""evaluation"": {""sentences"": [{""sentence"": ""응 근데 그런 컨텐츠가 너무 길거나 현실적으로 불가능한 것들이면 주인이 또 부담을 느낄 수 있을 거 같아."", ""categories"": ""Statement"", ""type"": ""Evaluation"", ""knowledge"": ""Long or unrealistic content can burden the pet owner."", ""evaluation"": {""specificity"": 5, ""justification"": 5, ""active"": 4, ""sentiment"": -1}}, {""sentence"": ""그런 꿀팁들을 주인이 부담없이 확인할 수 있는 방법에는 무엇이 있을까?"", ""categories"": ""Question"", ""type"": ""Generate Design"", ""knowledge"": ""Finding ways for pet owners to easily access tips."", ""evaluation"": {""timely"": 5, ""relevance"": 5, ""high-level"": 5, ""sentiment"": 0}}]}, ""response"": {""answer"": ""짧고 쉽게 따라 할 수 있는 영상이나 간단한 가이드라인을 제공하면 좋을 것 같아요. 예를 들어, 1분 내외의 동영상 클립이나 간단한 텍스트 팁을 제공하는 방식이 부담을 줄일 수 있을 거예요.""}}","user_feedaback","2024-08-15 06:24:39","9"
"{""user_input"": ""응 좋다 좋다 그런데 이 부가기능에 대한 이야기 보다 LLM을 썼을 때 생기는 고려지점에 대해 더 고려하면 좋을 거 같아. 이 프로젝트의 메인 아이디어는 번역이니까"", ""category"": [{""sentence"": ""그런데 이 부가기능에 대한 이야기 보다 LLM을 썼을 때 생기는 고려지점에 대해 더 고려하면 좋을 거 같아."", ""categories"": ""Statement"", ""type"": ""Recommendation""}, {""sentence"": ""이 프로젝트의 메인 아이디어는 번역이니까"", ""categories"": ""Statement"", ""type"": ""Evaluation""}], ""new_knowledge"": [""Considering potential challenges and limitations of new features is crucial for a robust design."", ""Understanding the core idea of your project is essential for its success.""], ""new_actionPlan"": [""Evaluate the potential challenges and limitations of the new interactive features to ensure they are feasible and practical."", ""Ensure that the main idea of the project is clearly defined and communicated.""], ""new_thinking"": ""새로운 기능을 추가할 때 발생할 수 있는 문제점과 한계를 고려하는 것이 중요하구나. 프로젝트의 핵심 아이디어를 명확히 이해하는 것이 중요하구나."", ""evaluation"": {""sentences"": [{""sentence"": ""그런데 이 부가기능에 대한 이야기 보다 LLM을 썼을 때 생기는 고려지점에 대해 더 고려하면 좋을 거 같아."", ""categories"": ""Statement"", ""type"": ""Recommendation"", ""knowledge"": ""Consider the implications of using LLM over additional features."", ""evaluation"": {""specificity"": 5, ""justification"": 4, ""active"": 5, ""sentiment"": 0}}, {""sentence"": ""이 프로젝트의 메인 아이디어는 번역이니까"", ""categories"": ""Statement"", ""type"": ""Evaluation"", ""knowledge"": ""The main idea of the project is translation."", ""evaluation"": {""specificity"": 3, ""justification"": 3, ""active"": 2, ""sentiment"": 0}}]}, ""response"": {""answer"": ""맞아요! 메인 아이디어인 번역 기능에 더 집중해야겠네요. LLM 사용 시 데이터 양과 품질, 모델 정확도, 실시간 처리 속도를 고려해야 할 것 같아요. 특히, 반려동물의 다양한 소리를 정확하게 분석할 수 있는 가능성을 높이는 것이 중요하겠네요.""}}","user_feedaback","2024-08-15 06:25:53","9"
"{""question"": ""LLM을 썼을 때, 번역 기능의 정확도를 더욱 높이기 위해 어떤 방향으로 개선해야 할까요?""}","student_question","2024-08-15 06:25:55","9"
"{""title"": ""반려동물 맞춤형 소통 강화 서비스: 팻 토크 트랜슬레이터"", ""problem"": ""반려동물과의 의사소통 부족으로 인해 반려인은 반려동물의 정확한 요구사항과 감정상태를 파악하기 어렵습니다. 이로 인해 반려동물의 건강 및 정서 관리에 어려움을 겪을 수 있습니다."", ""idea"": ""이 서비스는 반려동물의 소리와 행동을 분석하여 정확한 감정과 요구를 실시간으로 번역하고 반려인에게 알려주는 기술을 제공합니다. 첫째, 웨어러블 기기를 통해 데이터를 수집하고, 강화된 머신 러닝 모델을 사용하여 번역의 정확도를 높입니다. 둘째, 반려동물의 감정을 이해하고 적절하게 대응할 수 있도록 돕는 인터랙티브 기능을 추가합니다. 예를 들어, 반려동물이 스트레스를 받을 때 즐길 수 있는 놀이나 활동을 추천해주는 섹션을 앱에 통합합니다. 셋째, 전문가의 도움을 받아 신뢰성 있는 놀이 방법을 제공하며, 간단하고 실용적인 영상과 팁으로 구성된 콘텐츠를 포함시켜 사용자가 쉽게 따라 할 수 있도록 합니다. 넷째, 반려동물과의 감정적 유대를 강화하기 위해 사용자가 반려동물의 언어를 배울 수 있도록 지원하는 교육 모듈을 제공합니다. 이러한 방식으로, 반려동물의 복지를 증진하고 반려인과의 관계를 더 강화할 수 있는 방안을 제시합니다.""}","update_idea","2024-08-15 06:26:41","9"
"{""user_input"": ""강아지 음성에만 집중해있는데 부가적인 종류의 데이터를 얻을 수도 있을 거 같아. 만약에 강아지가 너무 짖어서 성대수술을 하거나 하는 경우도 있으니까. 그리고 강아지는 다른 동물에 비해 표정이 굉장히 다양해서 이런 것들도 활용해볼 수 있지 않을까?"", ""category"": [{""sentence"": ""강아지 음성에만 집중해있는데 부가적인 종류의 데이터를 얻을 수도 있을 거 같아."", ""categories"": ""Statement"", ""type"": ""Recommendation""}, {""sentence"": ""만약에 강아지가 너무 짖어서 성대수술을 하거나 하는 경우도 있으니까."", ""categories"": ""Statement"", ""type"": ""Information""}, {""sentence"": ""그리고 강아지는 다른 동물에 비해 표정이 굉장히 다양해서 이런 것들도 활용해볼 수 있지 않을까?"", ""categories"": ""Question"", ""type"": ""Proposal/Negotiation""}], ""new_knowledge"": [""Considering additional data sources can enhance the robustness of your design."", ""Considering edge cases and exceptions is crucial for a robust design."", ""Understanding the diversity of expressions among different subjects can enhance the design's adaptability.""], ""new_actionPlan"": [""Explore and integrate diverse data sources to improve the accuracy and reliability of the translation feature."", ""Identify and address potential edge cases and exceptions in the design to ensure robustness."", ""Investigate how the design can accommodate the diverse expressions of different subjects to improve its adaptability.""], ""new_thinking"": ""다양한 데이터 소스를 고려하면 디자인의 견고성을 높일 수 있겠어. 예외 상황과 특수한 경우를 고려하는 것이 견고한 디자인에 필수적이야. 강아지마다 표현이 다를 수 있다는 점을 고려해야겠어."", ""evaluation"": {""sentences"": [{""sentence"": ""강아지 음성에만 집중해있는데 부가적인 종류의 데이터를 얻을 수도 있을 거 같아."", ""categories"": ""Statement"", ""type"": ""Recommendation"", ""knowledge"": ""Additional types of data can be collected beyond just dog vocalizations."", ""evaluation"": {""specificity"": 5, ""justification"": 4, ""active"": 5, ""sentiment"": 0}}, {""sentence"": ""만약에 강아지가 너무 짖어서 성대수술을 하거나 하는 경우도 있으니까."", ""categories"": ""Statement"", ""type"": ""Information"", ""knowledge"": ""Excessive barking in dogs can lead to vocal cord surgery."", ""evaluation"": {""specificity"": 5, ""justification"": 4, ""active"": 3, ""sentiment"": -1}}, {""sentence"": ""그리고 강아지는 다른 동물에 비해 표정이 굉장히 다양해서 이런 것들도 활용해볼 수 있지 않을까?"", ""categories"": ""Question"", ""type"": ""Proposal/Negotiation"", ""knowledge"": ""Dogs have a wide range of facial expressions that can be utilized."", ""evaluation"": {""timely"": 5, ""relevance"": 5, ""high-level"": 4, ""sentiment"": 1}}]}, ""response"": {""answer"": ""맞아요, 성대수술 등으로 강아지가 짖지 못할 때도 고려해야 해요. 표정 인식 기술을 통해 강아지의 다양한 감정 표현을 분석하는 것도 좋은 아이디어 같아요. 강아지의 몸짓, 표정, 소리 등 여러 요소를 종합적으로 분석하면 번역 정확도를 높일 수 있을 거예요.""}}","user_feedaback","2024-08-15 06:29:12","9"
"{""user_input"": ""응 근데 이게 좋은 아이디어긴 한데 현실적으로 가능한 부분인지도 생각해보는게 좋을 거 같아. 이런 상상들을 현실로 가져오려면 지금 기술이 어느정도로 발전했는지도 같이 생각해보면 좋을 거 같아. 너 생각에는 실제 개발이 어느정도 가능한 거 같니?"", ""category"": [{""sentence"": ""응 근데 이게 좋은 아이디어긴 한데 현실적으로 가능한 부분인지도 생각해보는게 좋을 거 같아."", ""categories"": ""Statement"", ""type"": ""Evaluation""}, {""sentence"": ""이런 상상들을 현실로 가져오려면 지금 기술이 어느정도로 발전했는지도 같이 생각해보면 좋을 거 같아."", ""categories"": ""Statement"", ""type"": ""Recommendation""}, {""sentence"": ""너 생각에는 실제 개발이 어느정도 가능한 거 같니?"", ""categories"": ""Question"", ""type"": ""Judgmental""}], ""new_knowledge"": [""Evaluating the feasibility of design ideas is crucial for their success."", ""Understanding the current state of technology is crucial for realistic design implementation."", ""Evaluating the feasibility of your design is crucial for its success.""], ""new_actionPlan"": [""Assess the practicality and feasibility of the proposed features in the current design idea."", ""Research the latest advancements in relevant technologies to ensure the feasibility of your design."", ""Conduct a feasibility study to assess the practicality and potential challenges of implementing the design idea.""], ""new_thinking"": ""디자인 아이디어의 실현 가능성을 평가하는 것이 중요하구나. 현재 기술의 발전 상황을 이해하는 것이 현실적인 디자인 구현에 중요하구나. 내 디자인이 실제로 구현 가능한지 평가하는 것이 중요하구나."", ""evaluation"": {""sentences"": [{""sentence"": ""응 근데 이게 좋은 아이디어긴 한데 현실적으로 가능한 부분인지도 생각해보는게 좋을 거 같아."", ""categories"": ""Statement"", ""type"": ""Evaluation"", ""knowledge"": ""Consider the feasibility of the idea."", ""evaluation"": {""specificity"": 4, ""justification"": 4, ""active"": 3, ""sentiment"": 0}}, {""sentence"": ""이런 상상들을 현실로 가져오려면 지금 기술이 어느정도로 발전했는지도 같이 생각해보면 좋을 거 같아."", ""categories"": ""Statement"", ""type"": ""Recommendation"", ""knowledge"": ""Consider the current state of technology for implementation."", ""evaluation"": {""specificity"": 4, ""justification"": 4, ""active"": 3, ""sentiment"": 0}}, {""sentence"": ""너 생각에는 실제 개발이 어느정도 가능한 거 같니?"", ""categories"": ""Question"", ""type"": ""Judgmental"", ""knowledge"": ""Assess the feasibility of actual development."", ""evaluation"": {""timely"": 4, ""relevance"": 4, ""high-level"": 3, ""sentiment"": 0}}]}, ""response"": {""answer"": ""실제 개발 가능성을 고려하면 기술적으로 충분히 발전한 상태는 아니지만, 몇 가지 부분에서 가능성을 볼 수 있어요. 머신러닝과 웨어러블 기술은 이미 많은 발전을 이루었으니까요. 다만, 반려동물의 다양한 소리와 표정을 정확하게 해석하는 건 조금 더 연구와 개발이 필요할 것 같아요.""}}","user_feedaback","2024-08-15 06:30:48","9"
"{""question"": ""실제 기술 수준이 어느 정도인지 검토할 때 추가적으로 어떤 요소들을 고려해야 할까요?""}","student_question","2024-08-15 06:30:49","9"
"{""title"": ""반려동물 맞춤형 소통 강화 서비스: 팻 토크 트랜슬레이터"", ""problem"": ""반려동물이 자신의 감정이나 상태를 직접 표현할 수 없어 주인이 반려동물의 필요를 정확하게 파악하기 어려울 수 있습니다."", ""idea"": ""이 서비스는 고급 머신러닝 기술과 다양한 데이터 소스를 통합하여 반려동물의 소리와 행동을 정확하고 실시간으로 번역함으로써 주인과 반려동물 간의 소통을 강화합니다. 첫째, 비정상적인 행동 패턴이나 예외 사례들을 파악하고 처리할 수 있는 능력을 강화합니다. 예를 들어, 성대 수술을 받은 강아지나 다양한 표정을 가진 반려동물의 감정 상태를 분석할 수 있도록 표정 인식 기술을 추가합니다. 둘째, 웨어러블 디바이스와 모바일 앱을 통해 반려인이 강아지의 감정과 욕구를 쉽고 신속하게 이해할 수 있도록 지원합니다. 셋째, 반려동물의 다양한 감정 상태에 맞는 적절한 놀이나 활동을 추천하는 기능을 통합합니다. 이 기능은 행동 전문가와 훈련사의 검증을 거쳐 신뢰할 수 있는 정보를 제공합니다. 넷째, 이 모든 기능의 실현 가능성을 평가하기 위해 철저한 기술 검토와 현실적인 테스트를 계획하여 현재 기술 수준에서의 구현 가능성을 높입니다.""}","update_idea","2024-08-15 06:31:21","9"
